,DBA,BORO,Latitude,Longitude,Census Tract
12,KAJITSU,Manhattan,40.749670336248,-73.977742320312,8000.0
42,GOEMON CURRY,Manhattan,40.720682191479,-73.99512615608,4100.0
58,ZUTTO JAPANESE AMERICAN PUB,Manhattan,40.718381836675,-74.008870737951,3900.0
70,SUSHI ON JONES,Manhattan,40.726484436825,-73.991770385143,5502.0
96,MIKAKU,Manhattan,40.721239437259996,-73.996767578975,4100.0
128,ICHIRAN TIMES SQUARE,Manhattan,40.759876158157,-73.98237376898001,12500.0
223,YAMATO JAPANESE CUISINE,Queens,40.766788996689,-73.79009474824899,109900.0
233,SAKE BAR SATSKO,Manhattan,40.724679731476996,-73.980315844648,2602.0
237,NAKAMURA,Manhattan,40.717590751359,-73.985353897086,1402.0
264,KOTOBUKI,Manhattan,40.731021287218,-73.98884361757901,4200.0
280,EN JAPANESE BRASSERIE,Manhattan,40.730579720691,-74.006804915021,6900.0
293,KIDO SUSHI (QUEENS CENTER MALL),Queens,40.733840182011,-73.871577033806,68300.0
306,DAVELLE,Manhattan,40.718639363034,-73.98624471123,1402.0
325,OISHII,Queens,40.707400728788,-73.835736242986,77500.0
358,USAGI,Manhattan,40.753941706073,-73.968291502419,9000.0
367,TOMOE SUSHI,Manhattan,40.727711642194,-74.000256165478,6500.0
465,AKI SUSHI,Manhattan,40.772720220296996,-73.949775550806,13600.0
477,AJISEN RAMEN,Queens,40.760954215526,-73.83027923695501,87100.0
485,NATSUMI  TAPAS,Manhattan,40.739628084204,-73.982555968231,6600.0
519,T-SWIRL CREPE,Manhattan,40.732840767347,-73.986104655104,4800.0
534,RESOBOX,Manhattan,40.724818036834996,-73.98805455025601,3800.0
556,SHOGUN SUSHI,Brooklyn,40.630269302494995,-74.004215131227,21200.0
595,TOKYO HOUSE JAPANESE RESTAURANT,Bronx,40.905454451959,-73.904512087073,33700.0
616,CUCUMBER SUSHI & SALAD BAR,Staten Island,40.526110177111,-74.201981207597,19800.0
622,PALACE OF JAPAN,Bronx,40.885834084508,-73.90993631631099,29700.0
625,SUSHI AZABU,Manhattan,40.722369913566,-74.00973711263501,3900.0
637,JUNKO SUSHI,Queens,40.761150394183,-73.923663913417,5900.0
696,MEW,Manhattan,40.749869251359,-73.98589897606,8400.0
772,YO SUSHI,Manhattan,40.735925778557004,-73.985270466328,5000.0
819,OSAKA JAPANESE FUSION,Queens,40.735832812511,-73.746289013783,129104.0
832,SUSHI YASU,Queens,40.72080194518,-73.846533085777,71100.0
877,SUKI ICHIRO SUSHI,Manhattan,40.778965037143,-73.950929874115,14602.0
894,TABATA NOODLE RESTAURANT,Manhattan,40.756992594766004,-73.993654399478,11500.0
939,RAMEN TAKUMI,Manhattan,40.730777456829,-73.99548622797201,5900.0
947,Fukusuke,Manhattan,40.754057060467,-73.968562152085,9000.0
955,TOKYO SUSHI JAPANESE RESTAURANT,Staten Island,40.613212883821994,-74.120626321407,16901.0
979,TATSU RAMEN,Manhattan,40.728975903773,-73.984290623383,4000.0
992,52ND SUSHI,Queens,40.744256419766,-73.912196326105,25302.0
1008,RAMEN ISHIDA,Manhattan,40.719663415061,-73.98855331644,1800.0
1025,YAMADA JAPANESE RESTAURANT,Bronx,40.824705311143,-73.820378295751,15800.0
1033,SAKEBAR DECIBEL,Manhattan,40.729555512316,-73.988143899365,3800.0
1040,SUSHI TATSU,Brooklyn,40.677682268251,-73.955424718804,22100.0
1066,SUSHI OF GARI 46,Manhattan,40.760365577684,-73.989275462132,12700.0
1069,TEPPEN RAMEN,Manhattan,40.759346442472,-73.969415141271,10000.0
1117,NARUTO RAMEN,Brooklyn,40.674299729901,-73.982035966568,13300.0
1192,MASAKARI FUSION,Brooklyn,40.586762918127,-73.952533376534,60000.0
1298,DOKODEMO,Manhattan,40.726325076985,-73.9897427712,3800.0
1390,SUSHI OF GARI,Manhattan,40.771489118158996,-73.952823614811,13200.0
1447,Momokawa,Manhattan,40.770586551094,-73.953950669237,13200.0
1451,POKE CITY,Brooklyn,40.691477591136,-73.991078765301,900.0
1465,SHIRO OF JAPAN,Queens,40.709880021936,-73.86822197296,63700.0
1508,BENTON,Queens,40.756447432523,-73.935115137528,5100.0
1538,MAMA SUSHI,Manhattan,40.866054519793,-73.927874398645,29500.0
1626,BentOn Cafe,Manhattan,40.709104653841,-74.006892888095,1502.0
1647,JUKU,Manhattan,40.714608122626,-73.999595987726,2900.0
1662,OCEAN SUSHI,Staten Island,40.541046144751,-74.17793168121,17005.0
1703,NIPPORI JAPANESE RESTAURANT,Manhattan,0.0,0.0,
1704,VILLAGE YOKOCHO,Manhattan,40.729857562420996,-73.989431930386,3800.0
1721,AMBER,Manhattan,40.73296766109,-74.00689175783,7500.0
1777,SUSHI SASABUNE NEW YORK,Manhattan,40.768344563064,-73.955158023786,12400.0
1797,BESSOU,Brooklyn,40.703293906325996,-73.992047363499,2100.0
1931,PADO,Manhattan,40.731344818099,-73.985679205135,4000.0
1995,SUSHI SEKI,Manhattan,40.760522062403,-73.989640021451,12700.0
2042,KATSUHAMA 47,Manhattan,40.756356593464,-73.977851972704,9400.0
2043,O'SAKE JAPANESE RESTAURANT,Queens,40.580649341811,-73.83770158716999,93402.0
2062,JAPANESE KITCHEN & SAKE BAR METHOD,Manhattan,40.765141637967,-73.991437080091,13300.0
2077,GYU-KAKU,Manhattan,40.728147701904,-73.99093312568401,4200.0
2089,NETA,Manhattan,40.733245081792,-73.998682983184,6300.0
2143,AZUSA OF JAPAN,Manhattan,40.754649679502,-73.979613943908,9400.0
2144,YAMADA CHIKARA NEW YORK,Manhattan,40.754729940367,-73.970110280373,9800.0
2202,HIBINO LIC,Queens,40.742759460868,-73.952198064384,700.0
2250,SUSHIYA JAPANESE RESTAURANT,Manhattan,40.7627376917,-73.975557575612,10400.0
2260,3 GUYS SUSHI,Staten Island,40.630278953758996,-74.10788578646,12100.0
2282,KOI,Manhattan,40.753052909376,-73.983891505185,8400.0
2306,FUJI SUSHI,Staten Island,40.598563936756,-74.079894487388,6400.0
2308,KAI SUSHI ASIAN FUSION,Bronx,40.843741011885,-73.84554358819899,20000.0
2335,NEW H.K. TEA AND SUSHI,Brooklyn,40.604034695656,-73.997299058633,28800.0
2340,MY SUSHI  & JAPANESE RESTAURANT,Queens,40.724835000339,-73.879538855681,67100.0
2349,OH TAISHO,Manhattan,40.729259183394,-73.989215542731,3800.0
2352,OKUDA,Manhattan,40.743732670427,-74.006066452373,8300.0
2371,KOBE SUSHI,Manhattan,40.7709036241,-73.95077337279,13200.0
2402,SUSHI YASUDA,Manhattan,40.751258665823,-73.973562282026,8800.0
2405,KANOYAMA,Manhattan,40.730472060292,-73.986314421583,4000.0
2433,HADO ASIA BISTRO,Queens,40.707792828158,-73.817325709797,21400.0
2465,AJI SUSHI HOUSE,Queens,40.774247920703004,-73.908062325287,11700.0
2469,SAKURA 4,Queens,40.701025337539,-73.89178289330499,57700.0
2471,MOMOYA,Manhattan,40.784092307899996,-73.977618827214,16500.0
2508,CHIDORI JAPANESE CUISINE,Queens,40.729805686911,-73.860111136458,71701.0
2539,SALT + CHARCOAL,Brooklyn,40.714593427657,-73.961503409183,55300.0
2585,FRENASIA,Queens,40.651789262964,-73.83803239923999,89200.0
2596,OSAKA SUSHI,Brooklyn,40.587757723134,-73.955499375313,60600.0
2616,JUN-MEN RAMEN BAR,Manhattan,40.747860952156,-74.000339251634,9300.0
2628,KAPPO MASA,Manhattan,40.774514968808,-73.963447195225,13000.0
2660,TAKUMI JAPANESE CUISINE,Manhattan,40.714577703043,-74.00722893059499,2100.0
2662,FUJI JAPANESE RESTAURANT,Manhattan,40.765629178185,-73.982422780932,13700.0
2674,SHARAKU JAPANESE RESTAURANT,Manhattan,40.729871264741,-73.98920101096401,3800.0
2677,LUCKY CAT,Manhattan,40.757331556402,-73.96855338151201,9800.0
2722,KOUZAN,Manhattan,40.792289558958004,-73.971639064932,17700.0
2737,SAKE JAPANESE CUISINE,Brooklyn,40.643741239659995,-73.977165212997,48800.0
2747,YURI SUSHI,Manhattan,40.760593445149,-73.989852985705,12100.0
2764,HINOMARU RAMEN,Queens,40.775272864206,-73.90950873663701,11700.0
2778,CHO-KO RESTAURANT,Manhattan,40.724974397495,-73.987210293235,3800.0
2823,ABUMI SUSHI,Manhattan,40.740550130905,-73.981325171992,6600.0
2883,BOND ST,Manhattan,40.726833186084,-73.994512358639,5502.0
2897,CEETAY,Bronx,40.807223387508,-73.927219549488,1900.0
2901,SOSAKU JAPANESE RESTAURANT,Brooklyn,40.619597253184,-73.916283626848,69800.0
2953,AMURA JAPANESE RESTAURANT,Manhattan,40.774895806216996,-73.953922404121,13800.0
2961,NINJA 86 SUSHI,Brooklyn,40.600817559107,-73.992012802414,29600.0
2989,TENDO SUSHI,Queens,40.708194784449,-73.897877702303,58700.0
3131,SACHIKO,Brooklyn,40.576485669318,-73.965791441302,36001.0
3138,DEEP BLUE,Queens,40.648312826068,-73.788281497594,71600.0
3156,Momo Fuku Noodle Bar,Manhattan,40.767808491195,-73.98226696729701,14500.0
3176,UMI NO IE,Manhattan,40.724856478134,-73.988195247904,3602.0
3203,YAKITORI TOTTO,Manhattan,40.764997945255,-73.98282726729299,13700.0
3324,KIKU SUSHI,Manhattan,40.747380617356,-74.000685716424,9300.0
3342,MICKEY'S PLACE,Queens,40.764085017855,-73.77122324418299,112300.0
3355,DOJO RESTAURANT,Manhattan,40.728644743058,-73.994757553917,5501.0
3358,RED APPLE,Staten Island,40.586875959372,-74.091765133344,7000.0
3403,SAKE RESTAURANT,Brooklyn,40.599889701791,-73.99045366752401,29800.0
3409,HOTEL STANFORD,Manhattan,40.747679030979,-73.98672952295901,7600.0
3434,FUKI SUSHI,Brooklyn,40.607690763634,-74.00208524136501,27800.0
3468,MURA,Brooklyn,40.671278094837,-73.984531374345,13700.0
3490,SUSHI BY M,Manhattan,40.726536467424005,-73.990240628826,3800.0
3503,MITOUSHI JAPANESE SUSHI,Brooklyn,40.607977726532,-73.960689968096,55400.0
3547,ARASHI SUSHI,Brooklyn,40.655792001004,-73.915318995718,89000.0
3551,MIZUMI,Queens,40.76389146298,-73.749510089084,150701.0
3577,SAMURICE,Manhattan,40.718714292932,-74.000923513738,4500.0
3636,SOUEN,Manhattan,40.727049499467,-73.98774747479399,3800.0
3687,SAPPS,Queens,40.747900236957996,-73.94014730997401,1900.0
3697,IZAKAYA NOMAD,Manhattan,40.743979373821,-73.989444117085,5800.0
3699,MASAKI TERIYAKI & SUSHI,Brooklyn,40.682663633785,-73.96192212549501,20100.0
3730,ABIKO CURRY,Manhattan,40.747308389619,-73.985903129221,7600.0
3789,TETSU,Manhattan,40.717330821913,-74.005061182723,3300.0
3791,MO MO SUSHI & RAMEN,Brooklyn,40.657622494297,-73.960339831275,79802.0
3854,AVOCADO SUSHI,Staten Island,40.522714323140995,-74.239248854848,22600.0
3856,SONO UCHI SUSHI,Manhattan,40.810567650077,-73.94397414685899,22400.0
3863,ARIRANG HIBACHI STEAK HOUSE,Staten Island,40.549371826350004,-74.150682390109,13203.0
3880,AKINO,Queens,40.741494063364,-73.88056236494799,48500.0
3884,SHOGUN,Queens,40.718379083332,-73.837141244419,76901.0
3947,GOFISH SUSHI BOX,Manhattan,40.756918006477,-73.972065672336,10000.0
3981,GO FISH SUSHI BOX,Brooklyn,40.716792178083,-73.962075706378,55500.0
3991,RAKUZEN,Queens,40.734476605364996,-73.873722762427,68300.0
4016,RESTUARANT NIPPON,Manhattan,40.757510580114996,-73.970881478995,10000.0
4052,MI-NE SUSHI TOTOYA,Manhattan,40.736360370738,-73.997549872905,6300.0
4055,COCORON,Manhattan,40.720091973318,-73.99328274115,1800.0
4065,MIKADO BISTRO,Manhattan,40.737205743859,-73.996958050887,7100.0
4115,WASABI RESTAURANT,Brooklyn,40.614953348362,-73.994406332424,26400.0
4121,YASHIN,Brooklyn,40.670885635086,-73.984855904798,13700.0
4124,SHABU SHABU MACORON,Manhattan,40.719361702968996,-73.990927110527,1800.0
4212,ICHIGO SUSHI,Brooklyn,40.632689770273,-74.02729847236,6600.0
4251,WOKUNI,Manhattan,40.749294275907005,-73.97759808092201,8000.0
4374,GENKI SUSHI,Staten Island,40.553076253076,-74.191731725436,17010.0
4426,ICHI SUSHI I,Brooklyn,40.603996267879,-73.997266648916,28800.0
4430,ZAUO,Manhattan,40.744177314973996,-73.99380358803701,9100.0
4441,HAI STREET KITCHEN AND CO.,Manhattan,40.75450075314,-73.975950427165,9200.0
4454,MEGUMI,Brooklyn,40.609969984731,-73.92222034217801,69800.0
4456,HAYASHI JAPANESE CUISINE,Brooklyn,40.59023659479,-73.949664892935,59401.0
4474,UCHU,Manhattan,40.721683713785,-73.990169189447,3601.0
4482,JIN RAMEN,Manhattan,40.815324993134,-73.958561955679,21100.0
4508,SUSHI SUKI,Manhattan,40.774366406062995,-73.948272335387,13600.0
4524,FUJI JAPANESE CUISINE,Queens,40.717278270844005,-73.835109368823,75701.0
4532,IKURA SUSHI,Brooklyn,40.711386981503,-73.94644211061599,50300.0
4591,BUNKER,Brooklyn,40.710572195961,-73.923047543915,44900.0
4600,Donburi-ya,Manhattan,40.765011673897,-73.98285975367601,13700.0
4601,SENYA,Manhattan,40.726769320686,-73.98589666698001,3800.0
4641,DRUNKEN FISH,Queens,40.713395645783,-73.91402630129599,53500.0
4711,KAWA SUSHI 8 AVENUE,Manhattan,40.737669554092,-74.004673014982,7700.0
4928,YAMA JAPANESE RESTAURANT',Manhattan,40.736000175613,-73.98772056364601,5000.0
4947,TEISUI,Manhattan,40.744585756978005,-73.987372522452,5800.0
4975,SAMURAI PAPA,Brooklyn,40.689894738416,-73.951064188727,25100.0
5137,UDON WEST,Manhattan,40.753712481418,-73.973561304395,9200.0
5171,TAIKI AND RICE & MISO,Brooklyn,40.684521526862,-73.983731448673,4100.0
5187,POKE RESTAURANT,Manhattan,40.776744633111,-73.951169818342,14601.0
5209,TAKASHI,Manhattan,40.731425117469,-74.006649850535,6700.0
5249,YAKITORI TORA,Manhattan,40.721030817821,-73.996208410912,4100.0
5326,Izumi Sushi,Manhattan,40.74654316738,-73.991706544949,9500.0
5423,PENN SUSHI,Manhattan,40.750059234828,-73.992106724456,10100.0
5491,ICHI UMI,Manhattan,40.746951463756,-73.985058696576,7400.0
5546,NEW HAN YANG SUSHI,Queens,40.765136167000996,-73.813666116043,115700.0
5590,NAGOYA GOURMET,Queens,40.773216874852,-73.795984715185,101700.0
5596,MEO JAPANESE HIBACHI,Queens,40.728309596094,-73.78392405603,133300.0
5614,TAKAHACHI TRIBECA,Manhattan,40.716424879968,-74.008015534265,3300.0
5630,KURUMAZUSHI RESTAURANT,Manhattan,40.756436227556,-73.97803964149901,9400.0
5639,Akaru Sushi,Brooklyn,40.702398925189,-73.91615760661199,44300.0
5659,SUSHI HANA,Manhattan,40.719918609513,-73.987882269813,1800.0
5739,BAR CHUKO,Brooklyn,40.680831900509,-73.967709872384,20300.0
5745,KOME WAZA,Manhattan,40.703389799931,-74.010149093628,900.0
5791,HASHI RAMEN & IZAKAYA,Queens,40.757836686507,-73.789206226704,142900.0
5957,NATSUMI,Manhattan,40.761660578269,-73.984651085438,12500.0
5958,TANOSHI SUSHI SAKE BAR,Manhattan,40.767668543904,-73.95313319331899,12400.0
5979,MORI,Brooklyn,40.671810520814,-73.984087844134,13500.0
6040,MU RAMEN,Queens,40.743650790854,-73.950504880401,700.0
6141,OHANA JAPANESE HIBACHI SEAFOOD & STEAK,Bronx,40.852165588119,-73.789166393326,51600.0
6144,GENKI SUSHI HOUSE,Staten Island,40.553506481409,-74.143505493447,14606.0
6161,KUMO JAPANESE RESTAURANT,Queens,40.773712081065995,-73.907301259086,11700.0
6184,HANAMI SUSHI,Manhattan,40.767056985247,-73.986342975847,13900.0
6205,AKIMOTO SUSHI,Manhattan,40.715768930773,-74.00725791881601,3300.0
6209,SOBA NOODLE AZUMA,Manhattan,40.764997945255,-73.98282726729299,13700.0
6236,KYOTO SUSHI V,Staten Island,40.630829351105,-74.103347265992,5900.0
6245,KAZUNORI,Manhattan,40.74514305044,-73.988382911821,7600.0
6274,BENTON CAFE,Manhattan,40.753048332921,-73.973926112572,9200.0
6277,CRYSTAL,Manhattan,40.756840453612,-73.969326057646,9800.0
6288,BLUE RIBBON SUSHI BAR,Manhattan,40.758747437799,-73.978692223615,10400.0
6308,ROKC,Manhattan,40.823674875426,-73.952443221605,22500.0
6333,SUSHI TIME,Manhattan,40.750980919325,-73.97137159019499,8800.0
6352,PINK NORI,Queens,40.764933709502,-73.917240997975,6300.0
6353,MIZU,Manhattan,40.738956439053,-73.98924283569,5200.0
6503,TENZAN,Manhattan,0.0,0.0,
6517,GU,Manhattan,40.757510580114996,-73.970881478995,10000.0
6599,KI SUSHI,Brooklyn,40.678492073806,-73.97342179153699,16100.0
6629,MIRA SUSHI,Queens,40.719534718959,-73.810403023424,77904.0
6655,IZAKAYA JURAKU,Manhattan,40.719630481803,-73.988593004897,1800.0
6703,ARIYOSHI JAPANESE RESTAURANT,Queens,40.743676878478,-73.92311742455,18102.0
6717,RED MOON,Manhattan,40.757211205462,-73.983785818205,11900.0
6784,NORI SUSHI RESTAURANT,Staten Island,40.573702325042,-74.117318637728,13400.0
6790,OMIYA SUSHI,Brooklyn,40.622596922537,-74.028443449716,6000.0
6817,ICHIBANTEI,Manhattan,40.730515493118,-73.982731552513,3400.0
6854,KIKOO SUSHI,Manhattan,40.727952205545996,-73.98503410902501,3800.0
6856,TOMO JAPANESE CUISINE,Queens,40.750145364155,-73.880373553238,27900.0
7112,KYOTO SUSHI,Brooklyn,40.72506437058,-73.94688926955901,57100.0
7181,NISHIDA SHO-TEN,Manhattan,40.754070793161,-73.96859463016,9000.0
7185,SHUYA CAFE DE RAMEN,Queens,40.758134918056996,-73.917209771947,15500.0
7229,KUMO SUSHI,Manhattan,40.730496344655,-73.983168139519,3400.0
7254,NINJA JAPAN TERIYAKI,Queens,40.693307869085004,-73.85306956519301,1800.0
7297,RAI RAI KEN,Manhattan,40.729258789689005,-73.98562553442899,4000.0
7323,ABI JAPANESE RESTAURANT,Queens,40.761511316915005,-73.92573552554,5900.0
7380,OSAKA,Brooklyn,40.684761356476,-73.99475020032601,6700.0
7425,TORISHIN,Manhattan,40.764863934256,-73.986426456926,13300.0
7486,KUMO JAPANESE CUISINE,Brooklyn,40.640886379724,-73.965127729136,52000.0
7654,ZEST SUSHI,Manhattan,40.717983736563,-73.98981981601901,1800.0
7655,THE IZAKAYA,Manhattan,40.727049499467,-73.98774747479399,3800.0
7656,ASUKA SUSHI,Manhattan,40.74545928109,-73.998917321202,9300.0
7709,SARKU JAPAN,Bronx,40.823678037301,-73.836420051252,9000.0
7713,SUSHI WEST,Manhattan,40.735325462365,-74.006029600212,7300.0
7793,CHIKARASHI,Manhattan,40.717742647999,-73.999570716693,4100.0
7944,MATSU SUSHI,Queens,40.765686889169004,-73.91880320198001,6501.0
8079,SASABUNE EXPRESS NEW YORK,Manhattan,40.760124133495005,-73.96321327140001,10800.0
8095,SHOCHU AND TAPAS AYA,Manhattan,40.755369357605,-73.969684075065,9800.0
8167,SUSHI KATSUI,Manhattan,40.73209503086,-74.000681950317,7100.0
8171,MINCA RAMEN FACTORY,Manhattan,40.724449667849996,-73.983461903371,3200.0
8192,MR TAKA RAMEN,Manhattan,40.721269176451,-73.989303423376,3001.0
8225,SAKURA 6 JAPANESE CUISINE,Brooklyn,40.728709591496,-73.953611701125,56100.0
8274,KURA,Manhattan,40.727200054587996,-73.984395673791,3200.0
8315,CUCUMBER,Staten Island,40.537366466302,-74.150396186569,15601.0
8320,FUSHIMI,Staten Island,40.523200990208004,-74.234873180021,22600.0
8343,TAM PO PO RAMEN,Manhattan,40.850576624108,-73.93658087903499,27100.0
8379,YU SUSHI,Manhattan,40.851275410237,-73.939594864712,27300.0
8384,SUZUME,Brooklyn,40.713164115186,-73.94922902315099,51300.0
8410,UMAI RAMEN,Brooklyn,40.619959476965,-73.98934853807499,24800.0
8422,MANOR SUSHI,Staten Island,40.60537626985,-74.120856998266,18702.0
8426,SUSHI FACTORY,Brooklyn,40.642107560478,-74.003869963423,10800.0
8649,AKO JAPANESE RESTAURANT,Brooklyn,40.717040733646,-73.958554756661,55300.0
8652,HAKI RESTAUANT,Queens,40.762767108374,-73.805203992346,117100.0
8658,TOKYO HIBACHI STEAK HOUSE & SUSHI,Queens,40.739681302627,-73.789895397058,134100.0
8662,TOYAMA CUISINE,Brooklyn,40.636724496523,-74.011843146845,11800.0
8663,SAKA GURA/ KIOSK,Manhattan,40.751231194054,-73.973457624912,8800.0
8775,WASAN BROOKLYN,Brooklyn,40.681330877126,-73.976661951346,12902.0
8804,MR WASABI,Queens,40.762200281883004,-73.770309230557,146700.0
8815,SHISHITO,Staten Island,40.594445737255995,-74.098782612781,9602.0
8822,SHIKOKU TERIYAKI EXPRESS II,Queens,40.761320327799,-73.830996650422,87100.0
8842,YUZU,Manhattan,40.809425975133,-73.944260492132,20800.0
8863,TAKARA SUSHI,Queens,40.788960092157005,-73.813299443784,98100.0
8866,SHINJUKU,Brooklyn,40.586408734212,-73.952278007838,60600.0
8948,TSUSHIMA,Manhattan,40.751840427312004,-73.973013440219,8800.0
8968,SOHO SUSHI,Manhattan,40.729627488582004,-73.999711354511,6500.0
9007,DAY FIVE,Brooklyn,40.615480132609996,-73.96342656011501,45400.0
9070,MATSUNOYA,Manhattan,40.753229574189,-73.974312242029,9200.0
9242,BAR  SARDINE,Manhattan,40.734279831343,-74.00280366580499,7300.0
9247,TEN JAPANESE CUISINE,Brooklyn,40.663370390105,-73.98452600625,14900.0
9250,AKAMI SUSHI,Manhattan,40.780437122763,-73.946783548788,15400.0
9344,HARU,Manhattan,40.784226781713,-73.977521283789,16500.0
9372,TAKUMEN,Queens,40.743093125105,-73.956070067705,700.0
9408,EAST AKINA SUSHI,Manhattan,40.730880342241,-73.981421703948,3400.0
9417,BENTO SUSHI & NOODLES,Manhattan,40.751610053914,-73.973818399777,8800.0
9423,TASTE OF TOKYO,Manhattan,0.0,0.0,
9426,OKONOMI,Brooklyn,40.71264235865,-73.948666707287,50300.0
9443,MAKIMAKI,Manhattan,40.763333783339,-73.977921841639,13700.0
9448,SUSHI ME,Queens,40.788326590014,-73.81362985269901,98100.0
9490,SUSHI YOU,Manhattan,40.755984066523,-73.969243434981,9800.0
9536,YAKITORI TAISHO,Manhattan,40.729333308216,-73.989388717216,3800.0
9571,MOMO HIBACHI STEAKHOUSE & BAR,Brooklyn,40.583558421598,-73.949432335882,60800.0
9654,LEMON LIFE,Manhattan,40.793628627317,-73.94160122168701,18000.0
9676,TENDA ASIAN FUSION,Brooklyn,40.585456007107,-73.951598244017,60600.0
9695,TONCHIN NEW YORK,Manhattan,40.750033736774995,-73.98435421286,8400.0
9867,HOT GINGER,Queens,40.740098701575,-73.75795752345199,129103.0
9914,SUSHI DAIZEN,Queens,40.744593492873996,-73.95348872342,700.0
9917,SUMI SUSHI,Brooklyn,40.679205828874004,-73.973915436228,16100.0
9923,THE RAMEN MAFIA,Brooklyn,40.732606115254995,-73.95802906102101,56300.0
9971,SUZUKI SHOKUDO,Queens,40.753613121101,-73.932143784899,3100.0
9997,MIFUNE NEW YORK,Manhattan,40.751626203936,-73.972457700545,9000.0
10050,KARAKATTA,Manhattan,40.729344772571004,-73.998874287388,6500.0
10054,ASIAN TOKYO JAPANESE CUISINE,Bronx,40.890871942287,-73.898319355505,35100.0
10386,750 MYRTLE DINER,Brooklyn,40.694951344296996,-73.952813069117,24100.0
10412,OGAWA CAFE,Manhattan,40.727420436211,-73.992260950127,5502.0
10454,SABI SUSHI,Manhattan,40.764085135107,-73.974488536197,11201.0
10631,GINZA,Manhattan,40.763962436497,-73.966929377394,11402.0
10687,TENZAN 89,Manhattan,40.779705890825,-73.950394928663,14602.0
10731,ICHIBA RAMEN,Manhattan,40.734798349408,-73.992032763883,6100.0
10745,SAKE BAR HAGI 46,Manhattan,40.760456178046,-73.989528129642,12100.0
10781,MAGURO SUSHI,Manhattan,40.742328805154,-73.981746896335,6800.0
10792,NATTO HIBACHI & SUSHI,Brooklyn,40.673674001648,-73.98255886510701,13500.0
10810,MIMI JAPANESE RESTAURANT,Manhattan,40.788614973424,-73.974341872062,17500.0
10839,RESTAURANT RIKI,Manhattan,40.753163665912,-73.974160674906,9200.0
10964,OISHII SUSHI JAPAN`,Queens,40.773761542009,-73.907369788921,11700.0
10973,RAMEN-YA,Manhattan,40.730791266303,-74.000851519121,6500.0
11151,IPPUDO,Manhattan,40.756439336315,-73.980032099163,9600.0
11196,NARITA JAPANESE RESTAURANT,Queens,40.720981864901,-73.845612730765,71100.0
11379,MAKITO,Manhattan,40.740417084328996,-74.004095823603,8300.0
11480,SAKURA KAI,Queens,40.774734266490995,-73.908718766609,11300.0
11583,RABBIT  HOUSE,Manhattan,40.717325253431,-73.993387635668,1600.0
11750,SAMURAI MAMA,Brooklyn,40.714096213797,-73.96029888431501,55300.0
11901,TOMO JAPANESE RESTAURANT,Brooklyn,40.704592476483,-73.929066858265,45300.0
11975,SUSHI JIN,Manhattan,40.776283899404,-73.95208364103699,13800.0
12003,ZUMA NEW YORK,Manhattan,40.750798973697,-73.980730375772,8200.0
12013,KIKU JAPANESE CUISINE,Staten Island,40.544509607521,-74.165444939498,17011.0
12061,PANYA/AUTRE KYOYA,Manhattan,0.0,0.0,
12107,Sushi Q,Bronx,40.844216634976,-73.830521390885,26602.0
12120,KO SUSHI,Manhattan,40.767585795912,-73.959263258299,12600.0
12172,SAKURA,Queens,40.660136339025996,-73.840120570722,89200.0
12292,KATANA KITTEN,Manhattan,40.734260483583,-74.006220744455,7500.0
12462,O YA,Manhattan,40.742823041942,-73.982912398301,6800.0
12467,DONGWON SUSHI & TUNA,Queens,40.761082307272,-73.80387692689399,117100.0
12483,UNION SUSHI,Queens,40.763286554716004,-73.827959321025,86900.0
12499,GINZA SUSHI,Brooklyn,40.593102392,-73.950210025286,59401.0
12554,UMI SUSHI BAR & TERIYAKI GRILL,Queens,40.711320460395996,-73.856322969913,70700.0
12772,KURO-OBI,Manhattan,40.758655541558,-73.988737901106,11900.0
12793,MOMOSAN RAMEN & SAKE,Manhattan,40.749845898233,-73.977218932068,8000.0
12876,SUSHI YU,Brooklyn,40.660246218596,-73.980504333237,16900.0
12914,HANABI,Manhattan,40.771155758975,-73.956629137279,13400.0
13270,OKOZUSHI,Brooklyn,40.715640477600004,-73.944555664136,49700.0
13358,E.A.K. RAMEN,Manhattan,40.73558361361,-73.998141677927,7100.0
13387,MENKUI TEI,Manhattan,40.76303427404,-73.976265003897,10400.0
13389,SUSHI SEN-NIN,Manhattan,40.746975908460996,-73.983192831941,7400.0
13637,ZEST RAMEN,Manhattan,40.718110166837,-73.99197343994601,1800.0
13700,OMAKASA,Manhattan,40.722153445649,-73.996800003435,4100.0
13795,BAMBOO SUSHI,Manhattan,40.765677563319,-73.95753522582599,11600.0
13825,TOTTO RAMEN,Manhattan,40.756596014223,-73.96874864500201,9800.0
13835,SHURAKU,Manhattan,40.738525950177,-74.003871976658,7700.0
13870,EAST SUSHI,Staten Island,40.545106087564996,-74.160995605156,14604.0
13891,SUSHI GINZA ONODERA,Manhattan,40.752278565999,-73.981747768799,8200.0
14037,NOBU FIFTY SEVEN,Manhattan,40.763530882645,-73.975351518392,11201.0
14187,BAR GOTO,Manhattan,40.722732167474,-73.989631487803,3601.0
14193,HAKUBAI and JAZZ at KITANO,Manhattan,40.749505992885,-73.97958304168,8200.0
14300,UMI SUSHI JAPANESE CUISINE,Manhattan,40.744782634132,-73.9818183993,7200.0
14347,SUSHI D,Brooklyn,40.689550257883,-73.971293496448,18300.0
14350,WANPAKU,Brooklyn,40.723457604295994,-73.950620951843,56900.0
14353,KATSUHAMA RESTAURANT,Manhattan,0.0,0.0,
14448,CANAAN SUSHI,Manhattan,40.74728698963,-73.99159457210301,9500.0
14449,OZU JAPANESE CUISINE & LOUNGE,Brooklyn,40.697527222417,-73.99331748032,501.0
14459,TEI NEI YA,Queens,40.769231447124,-73.736651919788,150702.0
14522,AZASU,Manhattan,40.7197370803,-73.984743750836,3001.0
14605,MIYABI SUSHI & ASIAN CUISINE,Manhattan,40.730544239939,-74.000386068673,6500.0
14618,SUSHI KOI,Queens,40.715963697982,-73.833330611208,75701.0
14624,TSUKUSHI RESTAURANT,Manhattan,40.754328414932,-73.967215712875,9800.0
14631,TARA JAPANESE CUSINIE,Queens,40.769130148340004,-73.736764239135,147900.0
14760,Modoo-Chicken and Noodle Bar,Queens,40.760840023518,-73.765447957817,147100.0
14765,WASABI SUSHI BENTO 6TH AVE,Manhattan,40.752166633203004,-73.986039250349,8400.0
14778,MATSU JAPANESE CUISINE,Manhattan,40.784719966444,-73.97344422346599,16900.0
14781,SAKURA 7,Queens,40.723824754703,-73.89928954592399,51700.0
14822,1 OR 8,Brooklyn,40.714355889625004,-73.96544986643501,55100.0
15007,KOBEYAKI,Manhattan,40.746353921208,-73.993991051665,9500.0
15038,SHABU TATSU,Manhattan,40.729286245464,-73.985690473386,4000.0
15088,RAKU RESTAURANT,Manhattan,40.727313618727,-74.002738428623,4900.0
15154,OOTOYA JAPANESE RESTAURANT,Manhattan,40.738753580845,-73.992425622661,5400.0
15262,Waza,Brooklyn,40.693459997641,-73.965615798772,19100.0
15300,AB SUSHI,Manhattan,40.74999804304,-73.984267601047,8400.0
15486,CHIKURIN,Staten Island,40.570857294667,-74.11047824210999,12200.0
15507,RAMEN BAR,Brooklyn,40.703795866796,-73.988188171677,2100.0
15558,SUSHI PARA 88,Manhattan,40.738819704655,-74.00035724826199,7700.0
15595,OISHI SUSHI,Brooklyn,40.731141781638996,-73.954429051819,56500.0
15632,RIVER JAPANESE CUISINE,Queens,40.748777456945,-73.756558011699,136700.0
15638,NORTHERN SUSHI,Queens,40.764811849615995,-73.81171763211199,115500.0
15661,BAMBOO YA,Queens,40.721515486206,-73.848522849915,71100.0
15666,MURASAKI SUSHI,Queens,40.745938242293,-73.953036661486,700.0
15856,BARMASA / MASA,Manhattan,40.767808491195,-73.98226696729701,14500.0
16090,SHUKO,Manhattan,40.733456134726,-73.991682922143,6100.0
16093,J R SUSHI,Manhattan,40.715195109911,-74.009505194241,2100.0
16177,GLAZE TERIYAKI GRILL,Manhattan,40.733719485861,-73.989864310453,4200.0
16212,TANOSHI TEI,Manhattan,40.767717934768,-73.953097057021,12400.0
16507,SUSHI-TERIA,Manhattan,40.748268900702,-73.984690273581,7600.0
16531,KENTA SUSHI BAR,Queens,40.764991762308995,-73.771711078088,112300.0
16587,KUMO II,Brooklyn,40.67627462589,-73.998839134924,6500.0
16668,CHIKURIN JAPANESE RESTAURANT,Brooklyn,40.588173640209,-73.952294743739,60000.0
16804,TAKESUSHI,Queens,40.744573812143,-73.922221382615,18102.0
16922,HASAKI RESTAURANT,Manhattan,0.0,0.0,
17096,MIYAKO,Manhattan,40.791024458922,-73.972585795098,17900.0
17527,TSURUTONTAN UDON NOODLE BRASSERIE,Manhattan,40.737095720951,-73.992090223712,5200.0
17674,MIDO,Manhattan,40.789998098276,-73.973333769445,17500.0
17705,FUJI SUSHI BEDFORD,Brooklyn,40.682732002865,-73.9537772123,24500.0
17897,NICHE,Manhattan,40.717590751359,-73.985353897086,1402.0
17955,KUU,Manhattan,40.709837370946005,-74.008876810465,1502.0
17961,SANMA JAPANESE RESTAURANT,Staten Island,40.611730739157,-74.158830217992,29104.0
17993,NIKO NIKO SUSHI & BOWL,Manhattan,40.70707086897,-74.005190247084,1502.0
18020,INAKAYA,Manhattan,40.756031723639005,-73.990651383744,11300.0
18027,GLAZE TERIYAKI,Brooklyn,40.715981483455,-73.959197522151,55300.0
18054,TERIYAKI ONE,Queens,40.769689028990996,-73.834711944281,86900.0
18064,NEW SARKURA JAPAN,Queens,40.704925654032,-73.799905852626,44601.0
18108,Ichi Sushi At Bay Parkway,Brooklyn,40.601561527555,-73.99419139143001,29600.0
18175,FUSHIMI JAPANESE CUISINE,Staten Island,40.581500348076,-74.111763129075,11402.0
18204,KUHO SUSHI,Brooklyn,40.620302799157,-73.99211852587,25200.0
18285,MINAMI SUSHI & BAR,Brooklyn,40.709263737449,-73.955706503325,52700.0
18334,YOPPARAI,Manhattan,40.719240393784,-73.985645741014,1402.0
18387,FUJI EAST,Manhattan,40.75915932795999,-73.95200576571999,23801.0
18851,HIBACHI MASTER,Brooklyn,40.621985461072995,-74.025802755322,13800.0
18931,NORIKOH,Manhattan,40.751273958898004,-73.98159284755299,8200.0
19019,NINJA JAPAN TERIYAKI  & SUSHI,Brooklyn,40.649858020166,-73.961836412328,51002.0
19084,GO SUSHI,Manhattan,40.712151482319,-73.99591313419,800.0
19096,CAFE ZAIYA,Manhattan,40.753936842833,-73.984775591266,11300.0
19134,ICHIRAN NY,Brooklyn,0.0,0.0,
19207,KASUMI,Brooklyn,40.606249765538,-74.001008385028,27800.0
19343,AMAMI SUSHI,Brooklyn,40.723340214148,-73.952118246057,56900.0
19358,JAPAN VILLAGE,Brooklyn,40.655949396466,-74.005993565784,1800.0
19492,JUBAN,Manhattan,40.747235058639,-74.004504064317,9900.0
19499,FUGU JAPANESE CUISINE,Brooklyn,40.612009863553,-73.98334219732,25800.0
19507,YAKITORI SUN-CHAN,Manhattan,40.799378403865,-73.968410638533,19100.0
19745,Aji Sushi,Manhattan,40.746165283780996,-73.977783194489,7800.0
19836,USAGINY,Brooklyn,40.703768269297,-73.98681403773001,2100.0
19874,SILVER RICE,Brooklyn,40.674199715969,-73.956912339641,21700.0
20004,IRON CHEF HOUSE,Brooklyn,40.697321316462,-73.99253853731399,502.0
20080,MITO ASIAN FUSION,Queens,40.732509440808,-73.84939621107,74300.0
20103,ORAMEN,Manhattan,40.738871776828,-73.995745494627,8100.0
20328,SHINOBI RAMEN,Brooklyn,40.705752391479,-73.931738237721,45300.0
20431,OSAKA JAPANESE RESTAURANT,Brooklyn,40.600238543898,-73.94365077173,57400.0
20703,HIBINO,Brooklyn,40.69024822523,-73.996462583167,4500.0
20779,YOKOHAMA JAPANESE RESTAURANT,Bronx,40.887163679878995,-73.90455654402099,29500.0
20972,SUSHI LIN,Brooklyn,40.677726147937,-73.972852468463,16100.0
21190,SUSHI MESHUGA,Brooklyn,40.610015618874,-73.956582962911,55200.0
21217,GARI Columbus,Manhattan,40.780984962405,-73.976200806793,16100.0
21226,KAMI SUSHI/YUMMY THAI,Brooklyn,40.676243707789,-73.97177152336799,15900.0
21287,KOTO SUSHI & STEAK,Brooklyn,40.682230793964,-74.00033170547499,6300.0
21418,GEIDO RESTAURANT,Brooklyn,40.677792033642,-73.972899309836,16100.0
21538,WATAWA JAPANESE RESTAURANT,Queens,40.775275611806,-73.909512343442,11700.0
22237,HIROTO JAPANESE RESTAURANT,Brooklyn,40.680436289980996,-73.977715041554,12902.0
22389,ATLANTIC MITOUSHI SUSHI,Brooklyn,40.690080679678005,-73.993776181391,900.0
22529,FUJIYAMA JAPANESE FUSION,Brooklyn,40.621345913913004,-74.00632184830401,19800.0
22626,SAMURAI SUSHI,Brooklyn,40.608401592521,-74.00453067647,17800.0
22649,TAMASHII RAMEN,Queens,40.744604470458,-73.953485106844,700.0
22748,NANATORI JAPANESE RESTAURANT,Brooklyn,40.694376195237005,-73.992845391234,502.0
22910,SUSHI NAKAZAWA,Manhattan,40.731650288851,-74.004596819487,6700.0
22926,AYA SUSHI,Manhattan,40.755614614635,-73.991893104203,11500.0
23159,BERONBERON,Manhattan,40.728846908665,-73.984355598382,3400.0
23326,CURRY YA,Manhattan,40.729313701203,-73.985755412396,4000.0
23334,YOI SUSHI,Queens,40.759087972122,-73.834168023321,87100.0
23388,SUSHI AKIO,Queens,40.721441353382,-73.854872445982,71100.0
23499,JAPONICA,Manhattan,40.733653847465,-73.993028788601,6100.0
23554,WASABI SUSHI BENTO (OCULUS WEST CONCOURSE),Manhattan,40.711829780109,-74.01208739719,1300.0
23870,SAKURA TOKYO II,Brooklyn,40.693209270476,-73.972225892421,18300.0
23990,SUSHI AVE X,Brooklyn,40.590145875645,-73.973907152458,38600.0
24034,SUSHI & NOODLES,Brooklyn,40.703569351763,-73.925796715864,42700.0
24097,MOTTSU,Manhattan,40.72415703468,-73.99442599334,4300.0
24202,HIDE CHAN RAMEN,Manhattan,40.756596014223,-73.96874864500201,9800.0
24311,POKE ISLAND GRILL,Staten Island,40.582297419955,-74.169052592685,27702.0
24422,LONGEVOUSJOY,Brooklyn,40.612945692503,-73.982387502381,25600.0
24433,SUSHI ZO,Manhattan,40.749637382985,-73.977659320761,8000.0
24479,RAKU IT'S JAPANESE II,Manhattan,40.779464247848,-73.975623627679,16100.0
24564,CHERNIN SUSHI N RAMEN,Manhattan,40.727195007792,-73.988086593963,3800.0
24603,E SUSHI II,Brooklyn,40.588971141455005,-73.949424620949,59401.0
24759,SUSHI STAR,Manhattan,40.754472992554,-73.995495444398,11100.0
24771,I SUSHI,Queens,40.700011312129,-73.909387686388,54900.0
24798,YAMA,Manhattan,40.754026849301,-73.96849358788299,9000.0
24803,TERAKAWA RAMEN,Manhattan,40.768193213576005,-73.98551962408901,13900.0
24928,BOHEMIAN NEW YORK,Manhattan,40.726594260409,-73.992243006922,5502.0
24964,MIRAKUYA,Brooklyn,40.700540953161,-73.94344665211,50700.0
25137,SUSHI REN,Manhattan,40.775430865883,-73.95350681801601,13800.0
25174,OOTOYA,Manhattan,40.754749442264,-73.985955689956,11300.0
25331,METSUYAN BLUE,Queens,40.726390052169,-73.82169060516401,77902.0
25510,SARKURA JAPAN,Queens,40.707372800909,-73.796111266168,44601.0
25596,USHIWAKAMARU,Manhattan,40.745991769868,-74.00017683895601,9300.0
25631,GANDA SUSHI EXPRESS,Queens,40.726340639803,-73.789313452695,127700.0
25665,SUSHI ISHIKAWA,Manhattan,40.768854791841996,-73.954406756795,13200.0
26020,MOMO SUSHI,Brooklyn,40.705025904601,-73.933228565237,48500.0
26039,TANKO JAPANESE FUSION,Queens,40.766329866877,-73.772417658896,112300.0
26104,SUMO SUSHI,Brooklyn,40.711987146474,-73.957280993898,52300.0
26152,FUTIGI SUSHI,Queens,40.733073415738,-73.804739068067,122701.0
26186,CHARLIE'S PLACE,Manhattan,40.806102884801,-73.940383749723,19800.0
26222,MOMOYA CHELSEA,Manhattan,40.742659580438,-73.996672707526,8700.0
26286,CHIKO,Brooklyn,40.731849968167,-73.954522378572,57500.0
26338,IVAN RAMEN,Manhattan,40.720568686445,-73.984310650575,3001.0
26357,FUKUOKA SHABU-SHABU,Queens,40.748802190328,-73.756572357468,136700.0
26563,SUGARFISH BY SUSHI NOZAWA,Manhattan,40.725274237928,-74.003459910901,4700.0
26600,SAKURA SUSHI AND THAI,Manhattan,40.723901776757,-73.994537855253,4300.0
26672,NOMADO 33,Manhattan,40.745435496279995,-73.97949767966,7200.0
26703,AVOCADO,Staten Island,40.545329052487,-74.16054278566399,15601.0
26853,SHANGERILA RESTAURANT,Bronx,0.0,0.0,
26869,CAGEN,Manhattan,40.727834051381,-73.984074415326,3200.0
26980,BAI SUSHI,Queens,40.75966330354,-73.92046020772,6100.0
27253,TENZAN SUSHI,Brooklyn,40.615524232482,-73.993801168998,26600.0
27735,HANE SUSHI,Manhattan,40.73489017347,-73.979822080465,4400.0
27820,SAKANA SUSHI & ASIAN BISTRO,Brooklyn,40.624823847799,-74.024528613866,13800.0
27863,KOGANE RAMEN,Manhattan,40.740312792071,-74.003843211703,8300.0
27947,KIRAKU SUSHI JAPANESE RESTAURANT,Bronx,40.853215451671,-73.853629507074,28800.0
27953,KOTO,Brooklyn,40.679936058477004,-73.974445138877,16100.0
28044,LZ SUSHI,Manhattan,40.748269682625,-73.992586945235,9500.0
28053,A SUSHI,Queens,40.719633913109,-73.843390018513,73700.0
28366,UMI SUSHI HIBACHI,Staten Island,40.623658959949005,-74.149092813177,30301.0
28384,MISO SUSHI,Brooklyn,40.702720147991,-73.990702167901,2100.0
28653,OKI JAPANESE RESTAURANT,Queens,40.743240670328,-73.919422508269,18300.0
29088,NINJA RESTAURANT,Manhattan,40.71654830805,-74.00916990368499,3900.0
29553,KUMA NYC,Brooklyn,40.699360762640005,-73.912879594494,43900.0
29560,RONIN STONES,Manhattan,40.719333626630004,-73.984949471573,3001.0
29784,TATAKI SUSHI RESTAURANT,Manhattan,40.720512012809,-74.004945982892,3300.0
30375,SHIKOKU TERIYAKI,Queens,40.759777908235,-73.829235428489,85300.0
30576,BUNSMITH/DAIGO HAND ROLL BAR  (DEKALB MARKET),Brooklyn,40.690826232689,-73.98345224546,1500.0
30780,JOE ASIAN & SUSHI,Queens,40.755732247004,-73.927922124964,5700.0
30801,JIN RAMEN & SUSHI,Queens,40.707656475207,-73.897503414928,61301.0
30882,NAGOMI,Manhattan,40.726322773435,-74.001998770505,4900.0
30912,BONDI SUSHI,Manhattan,40.744863020568,-73.987765839463,5800.0
31113,OOKI SUSHI,Manhattan,40.780398589993,-73.952817278138,14602.0
31178,ZENKICHI,Brooklyn,40.718877799267,-73.9608768301,55500.0
31187,FUKUYAMA,Brooklyn,40.714143606085,-73.948351717818,50300.0
31197,HAKATA TON TON,Manhattan,40.733170936659,-74.00317887813401,7300.0
31252,RAMEN GOKU,Manhattan,40.744313510521,-73.983337860865,7200.0
31289,BAR MOGA,Manhattan,40.727604589578,-74.001270001449,6500.0
31414,BENEMON,Manhattan,40.725657951041995,-73.988205928944,3800.0
31549,HARBS,Manhattan,40.773700557744,-73.95772866569,14000.0
31622,ROCKMEISHA,Manhattan,40.732665915137,-74.002572670676,6700.0
31674,SHINAGAWA,Manhattan,40.74550139819,-73.979652843365,7200.0
31815,BAYRIDGE SUSHI,Brooklyn,40.635517167593996,-74.026135877078,6800.0
31918,Yong Kong Street,Manhattan,40.766812226924,-73.982808747226,13900.0
32004,AJISAI JAPANESE RESTAURANT,Manhattan,40.759468255616,-73.99188180429,12100.0
32411,SUSHI X,Queens,40.753796360185,-73.91470305334501,16100.0
32432,MORIMOTO NY,Manhattan,40.743194617692,-74.007416096707,8300.0
32567,TARO SUSHI,Brooklyn,40.67955996935,-73.97420011978501,16100.0
32589,WAKAMATSU JAPANESE RESTAURANT,Queens,40.727628314539,-73.89248276621801,49302.0
32750,NIPPONCHA RESTAURANT,Queens,40.764895638684,-73.771682528846,112300.0
32797,DAI HACHI SUSHI,Queens,40.746330689918,-73.952906460589,700.0
32828,SAKURA TOKYO,Brooklyn,40.677899504453,-73.94975349945099,31500.0
32896,KOITO JAPANESE RESTAURANT,Manhattan,40.78204880766,-73.947905252086,15400.0
33170,KYOTO,Brooklyn,40.687840650413,-73.989698232825,4300.0
33213,YAKINIKU FUTAGO,Manhattan,40.738468193031004,-73.993529871286,5400.0
33302,HANA SUSHI,Brooklyn,40.621093455541,-74.025582676232,16000.0
33464,Joyo Asian Restaurant,Queens,40.702808962024996,-73.870169150352,63302.0
33584,SUMA SUSHI,Manhattan,40.801328950729,-73.96506502480601,19500.0
33893,RYUJIN RAMEN,Brooklyn,40.711018253346,-73.950482313046,51300.0
34091,NAOKI TAKAHASHI,Manhattan,40.741932253172,-74.00175384644399,8300.0
34248,TOKYO BAY JAPANESE RESTAURANT,Manhattan,40.717410076517,-74.010219777474,3900.0
34608,NANIWA JAPANESE RESTAURANT,Brooklyn,40.605191352992,-73.980419635031,42600.0
34620,IKI MODERN JAPANESE CUISINE,Queens,40.759098909404,-73.83413911856499,87100.0
35087,KODAMA SUSHI,Manhattan,40.75934448341,-73.98881358754599,12100.0
35760,RAMEN DANBO,Brooklyn,40.676087863865,-73.974360095243,15900.0
36314,NOBI SUSHI,Manhattan,40.743431869897,-73.979779786514,7000.0
36450,SOGOGOOGO SUSHI,Staten Island,0.0,0.0,
36710,KAWAII JAPANESE BISTRO,Queens,40.666124577938,-73.851716662185,6202.0
36725,SHOBU SUSHI & GRILL,Brooklyn,40.616239412076,-74.03072434526,16200.0
36791,SNOWY VILLAGE,Manhattan,40.757999592328,-73.989239748427,12100.0
36883,AKURA SUSHI,Manhattan,40.745664010259,-73.983875253939,7400.0
36965,HALL / ODO,Manhattan,40.740032596862,-73.991790357067,5400.0
36968,TOKOYO EXPRESS,Queens,40.730470676809,-73.81087692539,122701.0
37200,JUNGO SUSHI,Queens,40.744662958558,-73.91628826697699,25301.0
37419,SNOWFOX,Manhattan,40.740734890392,-73.987698035628,5600.0
37595,KENKA,Manhattan,40.728962681488,-73.988522848659,3800.0
37602,SOBA TOTTO,Manhattan,40.751231194054,-73.973457624912,8800.0
38053,IPPUDO NY,Manhattan,40.763258254549,-73.986455664598,13300.0
38125,YOSHI TRADITIONAL JAPANESE,Brooklyn,40.615327885977,-73.91838889106201,68800.0
38218,SAPPORO ICHIBAN,Brooklyn,40.723460341295,-73.950602911138,56900.0
38365,QUICK GRILL JAPAN,Staten Island,40.613111633522,-74.15863902157,29104.0
38366,QUICKWAY TERIYAKI KITCHEN,Brooklyn,40.699140161495,-73.91518077603699,43300.0
38393,WASABI SUSHI BENTO,Manhattan,40.754694725744,-73.987500538284,11300.0
38512,SAKURA JAPANESE RESTAURANT,Brooklyn,40.602017824335,-73.934567171971,63200.0
38546,KANAHASHI,Brooklyn,40.732646009869,-73.95467337898,56300.0
38583,SAKURA OF JAPAN,Manhattan,40.709680963862,-74.00827803008,1502.0
38872,ZURUTTO RAMEN & GYOZA BAR,Manhattan,40.778026892746,-73.980289181983,15700.0
39056,HAGANE HIBACHI JAPANESE GRILL,Queens,40.655548221226,-73.838989124034,89200.0
39484,TORIKO NY,Manhattan,40.72968504078,-74.00449926546,6700.0
39496,SUSHI GAMA,Manhattan,40.769624609443,-73.957767365233,12600.0
39574,ABURI SUSHI BAR,Brooklyn,40.711774845835,-73.942531702175,49500.0
39664,UME,Brooklyn,40.716603922016,-73.965672353011,55500.0
39731,YUBA,Manhattan,40.730455993193004,-73.990243660689,4200.0
39752,BORU BORU,Manhattan,40.795231388309,-73.969521386867,18300.0
39864,OMEN JAPANESE CUISINE,Manhattan,40.725823228456,-74.001850833128,4900.0
39963,BENIHANA,Manhattan,40.762940896722,-73.975997906156,11201.0
39972,SUTEISHI,Manhattan,40.708017918167,-74.00178901964401,1501.0
40075,MITOUSHI JAPANESE FUSION,Brooklyn,40.585661922451,-73.95173130386401,60600.0
40100,SHINSEN,Manhattan,40.715659314321,-73.99643597815799,2900.0
40125,BLUE RIBBON SUSHI IZAKAYA,Manhattan,40.722040350357,-73.988224609892,3001.0
40164,INAKA ASIAN FUSION,Brooklyn,40.625497700275,-74.030235092393,6200.0
41082,HIROSHI JAPANESE RESTAURANT,Manhattan,40.748465059624,-73.976118632744,7800.0
41396,KONEKO,Manhattan,40.72056044918,-73.984289007066,2201.0
41513,DAIZEN,Brooklyn,40.637482368602,-74.00829065760199,10400.0
41828,K & S RAMEN,Manhattan,40.718488909689,-73.991486386611,1800.0
41935,SUSHI VILLAGE,Queens,40.767753886213,-73.790903979727,113900.0
42592,SUSHI 21,Manhattan,40.742429025864,-73.99686759237,8700.0
42937,BENTO SUSHI,Manhattan,40.709881200891,-74.009930059062,1300.0
43016,TAKAHACHI RESTAURANT,Manhattan,40.725166154671,-73.984190505773,3200.0
43069,NAGOYA,Brooklyn,40.605234197129995,-73.99932655314001,28400.0
43224,CURRY-YA,Manhattan,40.817178491628,-73.953473926771,21303.0
43257,BENTO NOUVEAU,Manhattan,40.706038204921,-74.013096243331,900.0
43559,OKINII,Manhattan,40.729020892621,-73.999152111624,6500.0
43578,Gohan Ya,Manhattan,40.715214417866,-73.991714065461,1600.0
43650,UOTORA JAPANESE RESTAURANT,Brooklyn,40.676137770407,-73.95070299007,31500.0
43717,YAMA RAMEN,Manhattan,40.758198776766,-73.980320339473,9600.0
43874,SUSHI RYUSEI,Manhattan,40.748599363913996,-73.975227136656,7800.0
44173,HAMA,Manhattan,40.759474565101,-73.97746830461,10400.0
44292,MINAMOTO KITCHOAN,Manhattan,40.759548018054,-73.974345892833,10200.0
44390,MENKOI SATO,Manhattan,40.731609197835,-74.001634503876,6700.0
44596,Sugar Fish,Manhattan,40.73892898531,-73.98917788580201,5200.0
44895,JIN RAMEN UWS,Manhattan,40.785280619194005,-73.97678065190699,17100.0
45083,SARKU JAPAN TERIYAKI & SUSHI EXPRESS,Queens,40.768551656353004,-73.835898920922,86900.0
45483,CHOPPED PARSLEY,Manhattan,40.826066151273,-73.94753100596999,22900.0
45580,SHINBASHI JAPANESE RESTAURANT,Manhattan,40.757075672739,-73.977606282522,9400.0
45622,RAMEN LAB,Manhattan,40.721017092545,-73.996165120488,4100.0
46377,SAKE II JAPANESE RESTAURANT,Bronx,40.854192211048,-73.884642813388,39100.0
46788,KISSATEN JIN,Manhattan,40.815388106585004,-73.958518563393,21100.0
46985,TOYO JAPANESE CUISINE,Queens,40.712732882771,-73.879135167263,61900.0
47213,MIZU HIBACHI JAPANESE FUSION,Staten Island,40.518121142469,-74.234492004818,24800.0
47292,DAKE SUSHI,Manhattan,40.748115984771,-73.992724107209,9500.0
47446,JPAN SUSHI RESTAURANT,Brooklyn,40.673709674948,-73.982501175231,13500.0
48427,BAR MISHIMA,Manhattan,40.756840453612,-73.969326057646,9800.0
48472,MOMO353,Manhattan,40.740417084328996,-74.004095823603,8300.0
48477,MISAKI SUSHI,Staten Island,40.54235091781,-74.20823691024201,20801.0
48590,NEW METRO SUSHI CAFE,Queens,40.706863267318,-73.834186632076,77500.0
48830,KONDO JAPANESE RESTAURANT,Queens,40.762637346859,-73.92679195560899,7500.0
49890,AJIHEI,Brooklyn,40.704281654359,-73.928003215918,42700.0
50288,SUSHI DOJO,Manhattan,40.726725405316,-73.985903892131,3200.0
50439,KIKU,Brooklyn,40.665911744724,-73.982380672152,15100.0
50795,HIBACHI STATION,Queens,40.749851801307,-73.883160362839,28100.0
50821,INAKA,Brooklyn,40.679657253836005,-73.96812866449899,20300.0
50943,KOSAKA,Manhattan,40.738097829801,-74.000772225219,7700.0
51318,WASABI SUSHI,Brooklyn,40.599521847357,-73.989837947468,29800.0
51621,YUKA RESTAURANT,Manhattan,40.774508909984,-73.954207903167,13800.0
51684,NINJA GRILL,Manhattan,40.719029313533,-73.98796540445599,1800.0
51689,GAIJIN,Queens,40.761970274118,-73.918504524658,6100.0
51897,TOTOYA,Manhattan,40.761907244164,-73.960266666126,10602.0
51909,SAKURA SUSHI,Brooklyn,40.587509740165,-73.960378030363,37000.0
51955,SAPPORO SUSHI RESTAURANT,Staten Island,40.608078102502,-74.162260908042,29103.0
51991,JAPAS NY,Manhattan,40.750620757522995,-73.981917857647,8200.0
51997,NARE SUSHI,Manhattan,40.761292629492004,-73.969995420464,11203.0
52286,SUSHI KATSUEI,Brooklyn,40.670645814668,-73.97845371798,15500.0
52386,RAMEN SETAGAYA,Manhattan,0.0,0.0,
52426,KIKU JAPANESE RESTAURANT,Manhattan,40.762331670994,-73.976532383932,10400.0
52647,OITA SUSHI,Manhattan,40.76708363306,-73.959624577239,12600.0
52866,BASSANOVA RAMEN,Manhattan,40.716383971332,-73.99801235074099,2900.0
52894,HANAMIZUKI CAFE,Manhattan,40.747199138477,-73.991341951553,9500.0
53348,JIN SUSHI & THAI,Brooklyn,40.607847460833995,-73.957175018165,55200.0
53508,NEW OISHI BAY,Manhattan,40.74222963199001,-73.979599715101,6600.0
53581,MISO-YA,Manhattan,40.728427377709,-73.987801340526,3800.0
53671,FUJI HIBACHI,Manhattan,40.757582509966,-73.990618678955,12100.0
54104,OTAFUKU,Manhattan,40.729657092640004,-73.988378405788,3800.0
54492,BAYARD SUSHI,Manhattan,40.715747196734,-73.998870910615,2900.0
54533,AMANO SUSHI,Manhattan,40.716005000071,-73.993052285617,1600.0
54628,TOMO JAPANESE CAFE,Queens,40.734597854657004,-73.874159141207,47500.0
54854,SUSHI DAMO,Manhattan,40.767816896055,-73.98340777105899,13900.0
54935,BAY SUSHI,Brooklyn,40.63842985059,-74.034705238692,3400.0
55018,TABETOMO,Manhattan,40.726812843059996,-73.982992285603,3200.0
55087,MASAGO BISTRO,Brooklyn,40.672341561637,-73.95028042173,31702.0
55368,MENTOKU,Manhattan,40.763618073898,-73.988834526509,13300.0
55920,ISOHAMA,Manhattan,40.783480009754,-73.950587100006,15801.0
56481,NEW TOKYO SUSHI,Queens,40.721151181339,-73.805362174228,126500.0
56894,POKE ZONE,Brooklyn,40.680655206416,-73.974520575821,16100.0
58278,KAKUREGA JAPANESE CUISINE,Queens,40.7606788627,-73.833427655366,87100.0
58470,HACHIBEI,Manhattan,40.757293103028005,-73.96845594125901,9800.0
59660,SUSHI ISLAND,Queens,40.735310286911,-73.875568667583,47500.0
59667,RAMEN MEIJIN,Manhattan,40.775035737893,-73.953795938062,13800.0
61244,PROONG NOODLE BAR,Manhattan,40.735079541835,-73.979706555216,6400.0
61312,MENYA JIRO,Brooklyn,40.694970813594,-73.983270903538,1500.0
61513,JJ'S ASIAN FUSION,Queens,40.762005979023,-73.91853696928,6300.0
61638,JUKAI,Manhattan,40.757320556569,-73.968477585656,9800.0
61755,QUAN SUSHI & GRILL,Manhattan,40.720281499958,-73.99632028808699,4100.0
61835,BOZU,Brooklyn,40.712978079064,-73.957471536068,52300.0
62002,SECCHU YOKOTA,Manhattan,40.722893388231,-73.983483937272,3200.0
62352,ABACE SUSHI,Manhattan,40.762028968227,-73.99001881837401,12700.0
62728,ICHIRAN,Manhattan,40.748338126418,-73.990244640841,10100.0
63508,WARUDE,Brooklyn,40.684396521698,-73.944113012672,26700.0
63717,YUMMY SUSHI,Manhattan,40.780198399466,-73.946935394756,15200.0
64222,Wara,Manhattan,40.725328443105,-73.986950460906,3800.0
64308,DON WAGYU,Manhattan,40.70441352129,-74.010996824278,900.0
65250,NEW SUKI SUSHI,Brooklyn,40.619065946066996,-74.032865280591,5800.0
66449,TAKESHI SUSHI,Manhattan,40.72283409544,-74.004718870825,4700.0
67170,MARUMI,Manhattan,40.728765620851995,-73.998361958118,6500.0
67423,HATSUHANA RESTAURANT,Manhattan,40.756891688533,-73.97717319846501,9400.0
68579,TOMI JAZZ,Manhattan,40.757306823846,-73.968445106015,9800.0
68869,YUMMY MACHI,Staten Island,40.626910200271,-74.164118926787,30302.0
69049,ZEST,Brooklyn,40.685666913784,-73.9911913218,6900.0
69355,ONE TWO FREE SUSHI,Brooklyn,40.638180106865,-73.976158253899,49000.0
70500,NEW NAGOYA SUSHI,Bronx,40.905407456136,-73.897736295294,34500.0
72005,TAIRYO JAPANESE FUSION,Brooklyn,40.632014493359,-74.027550389043,6600.0
72031,THE NIPPON CLUB,Manhattan,40.764958828413,-73.97870827871701,13700.0
73588,POKE SUSHI,Brooklyn,40.600118218112996,-73.94456193776101,57400.0
74534,ZAWA JAPANESE,Manhattan,40.764440523417,-73.959886102984,11800.0
74549,Ah Long Sushi Bar,Queens,40.757918590437995,-73.828489413868,85300.0
74583,SHOJI,Manhattan,40.717490004521,-74.005367824625,3300.0
74928,AOYU SUSHI,Bronx,40.886026146872,-73.909849256915,29500.0
75164,SASA SONG,Queens,40.757633899896,-73.782034590976,146300.0
75653,ABURIYA KINNOSUKE,Manhattan,40.752471603080004,-73.97251148932399,9000.0
75746,AHANA JAPANESE FUSION CUISINE,Manhattan,40.762302391442,-73.959984861514,10602.0
76308,Matsuri,Queens,40.745783600166,-73.903312682159,25900.0
76566,SUSHI BELL,Queens,40.767764132985,-73.77317448151301,112300.0
77018,MOMENTEA,Manhattan,40.738600123621,-73.999657187145,8100.0
77538,YAKINIKU GEN,Manhattan,40.756582281576,-73.968716165659,9800.0
77902,TABATA 2 JAPANESE NOODLE RESTAURANT,Manhattan,40.754505724025,-73.991784957037,11100.0
77984,ENNJU,Manhattan,40.737433253626,-73.991090630942,5200.0
78218,SUSHI MIKASA,Brooklyn,40.594066466376,-73.95875740337,58400.0
78512,MITOUSHI 8 QUEENS,Queens,40.727639310503,-73.89250078822501,49302.0
80190,OKAWA,Queens,40.749275525044,-73.88880968146499,28700.0
80892,BLUE RIBBON SUSHI BAR & GRILL,Manhattan,40.768401721218,-73.984793932921,13900.0
83812,IKA SUSHI,Brooklyn,40.60239589702,-73.993352246783,29000.0
84418,Shikoku Teriyaki #10,Queens,40.741617107084,-73.882767073715,48500.0
87585,TORI BEI,Brooklyn,40.674299729901,-73.982035966568,13300.0
88454,KUSHI IZAKAYA RESTAURANT,Brooklyn,40.605385161588,-73.999582245919,28400.0
88976,JIKJI CAFE,Queens,40.648312826068,-73.788281497594,71600.0
90173,TANOSHII,Brooklyn,40.627763757156,-74.02335166773001,13600.0
90444,Mochiron Izakaya,Queens,40.765651184351,-73.918770755414,6300.0
91098,SAKAGURA,Manhattan,40.729613161309,-73.988230482697,4000.0
91560,Nomura Cafe,Manhattan,40.76187496657,-73.987062397117,12700.0
92232,TONGKATSU,Manhattan,40.719462808854,-73.986374411212,1402.0
92491,SIMPLE ELDRIDGE,Manhattan,40.718118402653,-73.99199508361,1800.0
92745,SOBA-YA,Manhattan,40.72962414296,-73.98825573722901,4000.0
93171,NAKATA JAPANESE ASIAN FUSION,Staten Island,40.587219780616,-74.103772765388,18100.0
93191,TRAD ROOM,Brooklyn,40.68390249825,-73.929269230835,29500.0
93361,DAI HACHI SUSHI & BAR,Manhattan,40.75896107432,-73.965527710838,10800.0
97874,SHOKUDO,Manhattan,40.760840557449995,-73.99085285308601,12100.0
98811,JIN SUSHI & RAMEN,Queens,40.727444318334,-73.78649574061,127700.0
99508,JUST MADE SUSHI (DD MARU),Manhattan,40.741213138705,-74.00004691308001,8100.0
102688,SUSHI YASAKA,Manhattan,40.779309167175995,-73.98327851940199,15900.0
102874,NARUTO JAPANESE RESTAURANT,Queens,40.761391727105,-73.832895224737,86900.0
103990,SUGI SUSHI,Bronx,40.825048662813,-73.820543575762,15800.0
104978,NOBU 195,Manhattan,40.710529012969,-74.00937828021699,1300.0
107804,EDO ASIAN FUSION,Brooklyn,40.606306526303,-73.961796579114,55400.0
108705,BLUE RIBBON SUSHI,Manhattan,40.726053772095,-74.002695082161,4900.0
110056,SUSHI JUN,Manhattan,40.757595296037,-73.969452044335,9800.0
110655,CHA-AN TEAHOUSE,Manhattan,40.729607674736,-73.98825934821001,3800.0
111130,MIZU SUSHI,Brooklyn,40.713352961881,-73.962012741414,55100.0
111770,CHUKO,Brooklyn,40.716792178083,-73.962075706378,55500.0
112339,KAIKAGETSU NYC,Manhattan,40.721030326764996,-73.98872985323399,3001.0
112561,15 EAST RESTAURANT,Manhattan,40.736491909166006,-73.992635170374,5200.0
114772,NODA,Manhattan,40.744863020568,-73.987765839463,5800.0
116862,RAMEN HOUSE,Queens,40.586363592846,-73.8156789779,94202.0
118083,WASABI,Brooklyn,40.724045120534,-73.950937998238,56900.0
120162,SASHIMI RAMEN EXPRESS,Manhattan,40.772203420797,-73.954473052672,13400.0
121401,KISSFISH,Queens,40.720702776178,-73.846266353414,71100.0
122202,BLUE RIBBON SUSHI BAR & GRILL ROOF DECK,Manhattan,40.768401721218,-73.984793932921,13900.0
122212,UOGASHI,Manhattan,40.763241787281,-73.986466497649,13300.0
124155,NEW MIZU SUSHI,Manhattan,40.728660482032,-73.986040585838,3800.0
126322,FUKUROU,Manhattan,40.728957757908,-74.00137466027199,6500.0
127093,ISE,Manhattan,40.729097331220004,-73.99020777997599,3800.0
130660,TENICHI RAMEN,Brooklyn,40.687730868166,-73.989795606258,4300.0
132106,ATAMI,Manhattan,40.762138792790005,-73.963233813411,11000.0
134230,MOMOFUKU KO,Manhattan,40.724782664355004,-73.99153248095199,3602.0
135032,HIBACHI KING,Brooklyn,40.691817471623004,-73.98630075015001,1100.0
136092,AKIYAMA JAPANESE RESTAURANT,Queens,40.786249815143,-73.835865965584,94500.0
137858,KARAOKE DUET 35,Manhattan,0.0,0.0,
139164,TEMPURA MATSUI,Manhattan,40.748401642030004,-73.974772465189,7800.0
139936,INASE SUSHI RESTAURANT,Manhattan,40.774576220423,-73.951037825488,13600.0
140302,CHURUTTO RAMEN & POKE,Manhattan,40.779026630323,-73.953843708769,14802.0
142589,SUSHI 33,Queens,40.728805434499996,-73.863710448664,69300.0
143620,SAYORI,Staten Island,40.624580350104,-74.13657663374501,20100.0
147498,HIROHISA,Manhattan,40.724450821158,-74.00299085564201,4700.0
149303,GYU KAKU,Queens,40.758441749858,-73.82959983144,87100.0
149489,KURO-OBI OF IPPUDO,Manhattan,40.75450075314,-73.975950427165,9200.0
151718,B FLAT,Manhattan,40.71861811984,-74.005021598682,3300.0
152847,YAMASHIRO,Brooklyn,40.693347769793,-73.966658019206,19500.0
153085,AQUIHITO,Manhattan,40.756007174311,-73.992777384482,11500.0
155196,JEWEL BAKO,Manhattan,40.727315981908,-73.990251338056,3800.0
156637,ZA-YA RAMEN,Brooklyn,40.674325840464,-73.99975485556,7700.0
159422,Ninja Japanese Restaurant,Brooklyn,40.598836079469,-73.997745790474,29200.0
160251,Sushi Kaito,Manhattan,40.779251513637,-73.983184653969,15900.0
164116,SHISO,Queens,40.648312826068,-73.788281497594,71600.0
168024,SUZUKI,Manhattan,40.758303431329004,-73.982504133372,12500.0
174601,MINNOW,Queens,40.774414029772004,-73.877293351848,33100.0
174853,SASHIMI EXPRESS II,Manhattan,40.770775091679,-73.95895081350001,13400.0
182526,Fujino Uchi Japanese Ramen,Queens,40.741617107084,-73.882767073715,48500.0
184230,WAKAMATSU JAPANESE RESTAURANT INC,Queens,40.707400728788,-73.835736242986,77500.0
187064,BUSHNIWA,Brooklyn,40.704147793958995,-73.93360093674599,48500.0
187474,Hibachi Express,Manhattan,40.729823180028,-73.978946857389,3400.0
200392,TSUKIMI,Manhattan,40.729124255486,-73.985304447885,4000.0
204524,HANON,Brooklyn,40.713406642981,-73.951512187552,51300.0
208696,SUSHI GALLERY,Brooklyn,40.697576635189,-73.993436484152,501.0
214385,SHABU SHABU NAYUMON,Manhattan,40.714415710432,-73.991999137253,600.0
238058,BIGEYE SUSHI,Brooklyn,40.693719525272996,-73.985694530011,1100.0
238348,Tamashii Ramen,Queens,40.719677981976,-73.843501748105,73700.0
239106,SUSHI WEN,Staten Island,40.634722775012,-74.110746511329,10500.0
248875,HAPPY KITCHEN,Queens,40.749560915526,-73.88594714306501,28300.0
252371,TJ ASIAN BISTRO,Queens,40.746110532406,-73.914041663909,16900.0
259158,GEN RESTAURANT,Brooklyn,40.677665983149,-73.963727613427,20500.0
266170,Sushi Ann,Manhattan,40.758274521412,-73.974667641964,10200.0
291919,DARK BULLET,Manhattan,40.778120252600004,-73.980513018036,15700.0
299773,UMI SUSHI,Queens,40.726096062393,-73.790652755032,133900.0
300655,EDO JAPANESE RESTAURANT,Manhattan,40.737617183204,-73.99149115008099,5200.0
347252,SUSHI OF GARI TRIBECA,Manhattan,40.716666397473,-74.00832579675,3300.0
351179,T SWIRL CREPE,Manhattan,40.713757237295,-73.998668940906,2900.0
357805,SUSHI NOZ,Manhattan,40.773846262001,-73.95836401628101,14000.0
